"CPC V10","CPCpartial","ISIC Rev3","ISICpartial","Comment"
"01110",0,"0111",1,
"01120",0,"0111",1,
"01130",0,"0111",1,
"01140",0,"1531",1,
"01150",0,"0111",1,
"01160",0,"0111",1,
"01190",0,"0111",1,
"01210",0,"0111",1,
"01220",0,"0111",1,
"01231",0,"0112",1,
"01239",0,"0112",1,
"01240",0,"0111",1,
"01310",0,"0113",1,
"01320",0,"0113",1,
"01330",0,"0113",1,
"01341",0,"0112",1,
"01349",0,"0113",1,
"01350",0,"1513",1,
"01360",0,"0113",1,
"01410",0,"0111",1,
"01420",0,"0111",1,
"01430",0,"0111",1,
"01440",0,"0111",1,
"01490",0,"0111",1,
"01510",0,"0112",1,
"01520",0,"0112",1,
"01530",0,"0112",1,
"01540",0,"0112",1,
"01611",0,"0113",1,
"01612",0,"0113",1,
"01613",0,"0113",1,
"01614",0,"0113",1,
"01620",0,"0113",1,
"01710",0,"0111",1,
"01790",0,"0111",1,
"01810",0,"0111",1,
"01820",0,"0111",1,
"01910",0,"0111",1,
"01921",0,"0111",1,
"01922",0,"0111",1,
"01923",0,"0111",1,
"01930",0,"0111",1,
"01940",0,"0111",1,
"01990",0,"0111",1,
"02111",0,"0121",1,
"02112",0,"0121",1,
"02113",0,"0121",1,
"02121",0,"0122",1,
"02122",0,"0122",1,
"02129",0,"0122",1,
"02910",0,"0121",1,
"02920",0,"0122",1,
"02930",0,"0122",1,
"02940",0,"0122",1,
"02950",0,"0122",1,
"02961",0,"0121",1,
"02962",0,"1511",1,
"02963",0,"0122",1,
"02964",0,"0122",1,
"02971",0,"1511",1,
"02972",0,"0122",1,
"02973",0,"0122",1,
"02974",0,"0122",1,
"02980",0,"0122",1,
"02990",0,"0121",1,
"03110",0,"0200",1,
"03120",0,"0200",1,
"03130",0,"0200",1,
"03190",0,"0200",1,
"03210",0,"0111",1,
"03220",0,"0200",1,
"03230",0,"0200",1,
"03910",0,"0200",1,
"03920",0,"0200",1,
"03930",0,"0200",1,
"04110",0,"0500",1,
"04120",0,"0500",1,
"04210",0,"0500",1,
"04220",0,"0500",1,
"04230",0,"0500",1,
"04910",0,"0500",1,
"04920",0,"0500",1,
"04930",0,"0500",1,
"11010",0,"1010",1,
"11020",0,"1010",1,
"11030",0,"1020",1,
"11040",0,"1030",1,
"12010",0,"1110",1,
"12020",0,"1110",1,
"12030",0,"1110",1,
"13000",0,"1200",1,
"14100",0,"1310",1,
"14210",0,"1320",1,
"14220",0,"1320",1,
"14230",0,"1320",1,
"14240",0,"1320",1,
"14290",0,"1320",1,
"15110",0,"1410",1,
"15120",0,"1410",1,
"15130",0,"1410",1,
"15200",0,"1410",1,
"15310",0,"1410",1,
"15320",0,"1410",1,
"15330",0,"1429",1,
"15400",0,"1410",1,
"16110",0,"1421",1,
"16120",0,"1421",1,
"16190",0,"1421",1,
"16200",0,"1422",1,
"16310",0,"1429",1,
"16320",0,"1429",1,
"16330",0,"1410",1,
"16390",0,"1429",1,
"17100",0,"4010",1,
"17200",0,"4020",1,
"17300",0,"4030",1,
"18000",0,"4100",1,
"21111",0,"1511",1,
"21112",0,"1511",1,
"21113",0,"1511",1,
"21114",0,"1511",1,
"21115",0,"1511",1,
"21116",0,"1511",1,
"21117",0,"1511",1,
"21118",0,"1511",1,
"21119",0,"1511",1,
"21121",0,"1511",1,
"21122",0,"1511",1,
"21129",0,"1511",1,
"21131",0,"1511",1,
"21132",0,"1511",1,
"21140",0,"1511",1,
"21210",0,"1512",1,
"21220",0,"1512",1,
"21230",0,"1512",1,
"21240",0,"1512",1,
"21250",0,"1512",1,
"21260",0,"1512",1,
"21291",0,"1512",1,
"21299",0,"1512",1,
"21310",0,"1513",1,
"21320",0,"1513",1,
"21390",0,"1513",1,
"21400",0,"1513",1,
"21510",0,"1513",1,
"21520",0,"1513",1,
"21530",0,"1513",1,
"21540",0,"1513",1,
"21550",0,"1513",1,
"21560",0,"1513",1,
"21611",0,"1511",1,
"21612",0,"1711",1,
"21620",0,"1514",1,
"21630",0,"1514",1,
"21640",0,"1514",1,
"21650",0,"1514",1,
"21660",0,"1532",1,
"21670",0,"1514",1,
"21680",0,"1514",1,
"21690",0,"1514",1,
"21700",0,"1514",1,
"21810",0,"1514",1,
"21820",0,"1514",1,
"21830",0,"1514",1,
"22110",0,"1520",1,
"22120",0,"1520",1,
"22910",0,"1520",1,
"22920",0,"1520",1,
"22930",0,"1520",1,
"22940",0,"1520",1,
"22950",0,"1520",1,
"22960",0,"1520",1,
"22970",0,"1520",1,
"22980",0,"1520",1,
"22990",0,"1520",1,
"23110",0,"1531",1,
"23120",0,"1531",1,
"23130",0,"1531",1,
"23140",0,"1531",1,
"23150",0,"1531",1,
"23160",0,"1531",1,
"23170",0,"1531",1,
"23180",0,"1531",1,
"23210",0,"1532",1,
"23220",0,"1532",1,
"23230",0,"1532",1,
"23310",0,"1533",1,
"23320",0,"1533",1,
"23410",0,"1541",1,
"23420",0,"1541",1,
"23430",0,"1541",1,
"23510",0,"1542",1,
"23520",0,"1542",1,
"23530",0,"1542",1,
"23540",0,"1542",1,
"23610",0,"1543",1,
"23620",0,"1543",1,
"23630",0,"1543",1,
"23640",0,"1543",1,
"23650",0,"1543",1,
"23660",0,"1543",1,
"23670",0,"1543",1,
"23710",0,"1544",1,
"23720",0,"1544",1,
"23911",0,"1549",1,
"23912",1,"0140",1,
"23912",1,"1549",1,
"23913",0,"1549",1,
"23914",0,"1549",1,
"23991",0,"1549",1,
"23992",0,"1549",1,
"23993",0,"1549",1,
"23994",0,"1549",1,
"23995",0,"1549",1,
"23996",0,"1549",1,
"23999",0,"1549",1,
"24110",0,"1551",1,
"24120",0,"1551",1,
"24130",0,"1551",1,
"24211",0,"1552",1,
"24212",0,"1552",1,
"24213",0,"1552",1,
"24220",0,"1552",1,
"24310",0,"1553",1,
"24320",0,"1553",1,
"24410",0,"1554",1,
"24490",0,"1554",1,
"25010",0,"1600",1,
"25090",0,"1600",1,
"26110",0,"1711",1,
"26120",0,"1711",1,
"26130",0,"1711",1,
"26140",0,"1711",1,
"26150",0,"1711",1,
"26160",0,"1711",1,
"26170",0,"1711",1,
"26190",0,"1711",1,
"26210",0,"1711",1,
"26220",0,"1711",1,
"26310",0,"1711",1,
"26320",0,"1711",1,
"26330",0,"1711",1,
"26340",0,"1711",1,
"26350",0,"1711",1,
"26360",0,"1711",1,
"26370",0,"1711",1,
"26380",0,"1711",1,
"26410",0,"1711",1,
"26420",0,"1711",1,
"26430",0,"1711",1,
"26440",0,"1711",1,
"26450",0,"1711",1,
"26460",0,"1711",1,
"26510",0,"1711",1,
"26520",0,"1711",1,
"26530",0,"1711",1,
"26540",0,"1711",1,
"26550",0,"1711",1,
"26560",0,"1711",1,
"26570",0,"1711",1,
"26590",0,"1711",1,
"26610",0,"1711",1,
"26620",0,"1711",1,
"26630",0,"1711",1,
"26690",0,"1711",1,
"26710",0,"1711",1,
"26720",0,"1711",1,
"26730",0,"1711",1,
"26740",0,"1711",1,
"26750",0,"1711",1,
"26760",0,"1711",1,
"26770",0,"1711",1,
"26790",0,"1711",1,
"26810",0,"1711",1,
"26820",0,"1711",1,
"26830",0,"1711",1,
"26840",0,"1711",1,
"26850",0,"1711",1,
"26860",0,"1711",1,
"26870",0,"1711",1,
"26880",0,"1711",1,
"26890",0,"1711",1,
"27110",0,"1721",1,
"27120",0,"1721",1,
"27130",0,"1721",1,
"27140",0,"1721",1,
"27150",0,"1721",1,
"27160",0,"1721",1,
"27170",0,"1721",1,
"27180",0,"1721",1,
"27190",0,"1721",1,
"27210",0,"1722",1,
"27220",0,"1722",1,
"27230",0,"1722",1,
"27290",0,"1722",1,
"27310",0,"1723",1,
"27320",0,"1723",1,
"27911",0,"1729",1,
"27912",0,"1729",1,
"27913",0,"1729",1,
"27921",0,"1729",1,
"27922",0,"1729",1,
"27991",0,"1729",1,
"27992",0,"1729",1,
"27993",0,"1729",1,
"27994",0,"1729",1,
"27995",0,"1729",1,
"27996",0,"1729",1,
"27997",0,"1729",1,
"27998",0,"1729",1,
"27999",0,"1729",1,
"28110",0,"1730",1,
"28190",0,"1730",1,
"28210",0,"1730",1,
"28221",0,"1810",1,
"28222",0,"1810",1,
"28223",0,"1810",1,
"28224",0,"1810",1,
"28225",0,"1730",1,
"28226",0,"1730",1,
"28227",0,"1810",1,
"28228",0,"1810",1,
"28229",0,"1810",1,
"28231",0,"1810",1,
"28232",0,"1810",1,
"28233",0,"1810",1,
"28234",0,"1810",1,
"28235",0,"1810",1,
"28236",0,"1810",1,
"28237",0,"1810",1,
"28238",0,"1810",1,
"28241",0,"1810",1,
"28242",0,"1810",1,
"28243",0,"2520",1,
"28250",0,"1810",1,
"28261",0,"1810",1,
"28262",0,"1810",1,
"28269",0,"1810",1,
"28310",0,"1820",1,
"28320",0,"1820",1,
"28330",0,"1820",1,
"29110",0,"1911",1,
"29120",0,"1911",1,
"29130",0,"1911",1,
"29210",0,"1912",1,
"29220",0,"1912",1,
"29230",0,"1912",1,
"29290",0,"1912",1,
"29310",0,"1920",1,
"29320",0,"1920",1,
"29330",0,"1920",1,
"29340",0,"1920",1,
"29410",0,"1920",1,
"29420",0,"1920",1,
"29490",0,"1920",1,
"29510",0,"1920",1,
"29520",0,"1920",1,
"29600",0,"1920",1,
"31100",0,"2010",1,
"31210",0,"2010",1,
"31220",0,"2010",1,
"31230",0,"2010",1,
"31310",0,"2010",1,
"31320",0,"2010",1,
"31410",0,"2021",1,
"31420",0,"2021",1,
"31430",0,"2021",1,
"31440",0,"2021",1,
"31510",0,"2021",1,
"31520",0,"2021",1,
"31600",0,"2022",1,
"31700",0,"2023",1,
"31911",0,"2029",1,
"31912",0,"2029",1,
"31913",0,"2029",1,
"31914",0,"2029",1,
"31921",0,"2029",1,
"31922",0,"2029",1,
"31923",0,"2029",1,
"32111",0,"2101",1,
"32112",0,"2101",1,
"32113",0,"2101",1,
"32121",0,"2101",1,
"32122",0,"2101",1,
"32129",0,"2101",1,
"32131",0,"2101",1,
"32132",0,"2101",1,
"32133",0,"2101",1,
"32134",0,"2101",1,
"32135",0,"2101",1,
"32136",0,"2101",1,
"32137",0,"2101",1,
"32141",0,"2101",1,
"32142",0,"2101",1,
"32143",0,"2101",1,
"32149",0,"2101",1,
"32151",0,"2102",1,
"32152",0,"2102",1,
"32153",0,"2102",1,
"32191",0,"2109",1,
"32192",0,"2109",1,
"32193",0,"2109",1,
"32194",0,"2109",1,
"32195",0,"2109",1,
"32196",0,"2109",1,
"32197",0,"2109",1,
"32198",0,"2109",1,
"32199",0,"2109",1,
"32210",0,"2211",1,
"32220",0,"2211",1,
"32230",0,"2211",1,
"32240",0,"2211",1,
"32250",0,"2211",1,
"32260",0,"2211",1,
"32300",0,"2212",1,
"32400",0,"2212",1,
"32510",0,"2219",1,
"32520",0,"2219",1,
"32530",0,"2221",1,
"32540",0,"2219",1,
"32550",0,"7421",1,
"32560",0,"2219",1,
"32590",0,"2221",1,
"32600",0,"2221",1,
"32700",0,"2222",1,
"33100",0,"2310",1,
"33200",0,"2310",1,
"33310",0,"2320",1,
"33320",0,"2320",1,
"33330",0,"2320",1,
"33340",0,"2320",1,
"33350",0,"2320",1,
"33360",0,"2320",1,
"33370",0,"2320",1,
"33380",0,"2320",1,
"33410",0,"2320",1,
"33420",0,"2320",1,
"33500",0,"2320",1,
"33610",0,"2330",1,
"33620",0,"2330",1,
"33630",0,"2330",1,
"33690",0,"2330",1,
"33710",0,"2330",1,
"33720",0,"4010",1,
"34110",0,"2411",1,
"34120",0,"2411",1,
"34130",0,"2411",1,
"34140",0,"2411",1,
"34150",0,"2411",1,
"34160",0,"2411",1,
"34170",0,"2411",1,
"34180",0,"2411",1,
"34210",0,"2411",1,
"34220",0,"2411",1,
"34230",0,"2411",1,
"34240",1,"2411",1,
"34240",1,"2412",1,
"34250",0,"2411",1,
"34260",0,"2411",1,
"34270",0,"2411",1,
"34280",0,"2411",1,
"34290",0,"2411",1,
"34310",0,"2411",1,
"34320",0,"2411",1,
"34330",0,"2411",1,
"34340",0,"2411",1,
"34400",0,"2411",1,
"34510",0,"2411",1,
"34520",0,"2411",1,
"34530",0,"2411",1,
"34540",0,"2411",1,
"34550",0,"2429",1,
"34560",0,"2411",1,
"34570",0,"2424",1,
"34611",0,"2412",1,
"34612",0,"2412",1,
"34613",0,"2412",1,
"34614",0,"2412",1,
"34615",0,"2412",1,
"34616",0,"2412",1,
"34617",0,"2412",1,
"34619",0,"2412",1,
"34620",0,"2421",1,
"34710",0,"2413",1,
"34720",0,"2413",1,
"34730",0,"2413",1,
"34740",0,"2413",1,
"34790",0,"2413",1,
"34800",0,"2413",1,
"35110",0,"2422",1,
"35120",0,"2422",1,
"35130",0,"2422",1,
"35140",0,"2429",1,
"35210",0,"2423",1,
"35220",0,"2423",1,
"35230",0,"2423",1,
"35240",0,"2423",1,
"35250",0,"2423",1,
"35260",0,"2423",1,
"35290",0,"2423",1,
"35310",0,"2424",1,
"35321",0,"2424",1,
"35322",0,"2424",1,
"35323",0,"2424",1,
"35331",0,"2424",1,
"35332",0,"2424",1,
"35333",0,"2424",1,
"35334",0,"2424",1,
"35410",0,"2429",1,
"35420",0,"2429",1,
"35430",0,"2429",1,
"35440",0,"2429",1,
"35450",0,"2429",1,
"35460",0,"2429",1,
"35470",0,"2429",1,
"35490",0,"2429",1,
"35510",0,"2430",1,
"35520",0,"2430",1,
"35530",0,"2430",1,
"35540",0,"2430",1,
"35550",0,"2430",1,
"35560",0,"2430",1,
"36111",0,"2511",1,
"36112",0,"2511",1,
"36113",0,"2511",1,
"36114",0,"2511",1,
"36115",0,"2511",1,
"36120",0,"2511",1,
"36210",0,"2519",1,
"36220",0,"2519",1,
"36230",0,"2519",1,
"36240",0,"2519",1,
"36250",0,"2519",1,
"36260",0,"2519",1,
"36270",0,"2519",1,
"36310",0,"2520",1,
"36320",0,"2520",1,
"36330",0,"2520",1,
"36390",0,"2520",1,
"36410",0,"2520",1,
"36490",0,"2520",1,
"36910",0,"2520",1,
"36920",0,"2520",1,
"36930",0,"2520",1,
"36940",0,"2520",1,
"36950",0,"2520",1,
"36960",0,"2520",1,
"36970",0,"2520",1,
"36980",0,"2520",1,
"36990",0,"2520",1,
"37111",0,"2610",1,
"37112",0,"2610",1,
"37113",0,"2610",1,
"37114",0,"2610",1,
"37115",0,"2610",1,
"37116",0,"2610",1,
"37117",0,"2610",1,
"37121",0,"2610",1,
"37129",0,"2610",1,
"37191",0,"2610",1,
"37192",0,"2610",1,
"37193",0,"2610",1,
"37194",0,"2610",1,
"37195",0,"2610",1,
"37196",0,"2610",1,
"37197",0,"2610",1,
"37199",0,"2610",1,
"37210",0,"2691",1,
"37221",0,"2691",1,
"37222",0,"2691",1,
"37291",0,"2691",1,
"37292",0,"2691",1,
"37299",0,"2691",1,
"37310",0,"2692",1,
"37320",0,"2692",1,
"37330",0,"2692",1,
"37340",0,"2692",1,
"37350",0,"2693",1,
"37360",0,"2693",1,
"37370",0,"2693",1,
"37410",0,"2694",1,
"37420",0,"2694",1,
"37430",0,"2694",1,
"37440",0,"2694",1,
"37450",0,"2694",1,
"37510",0,"2695",1,
"37520",0,"2695",1,
"37530",0,"2695",1,
"37540",0,"2695",1,
"37550",0,"2695",1,
"37560",0,"2695",1,
"37570",0,"2695",1,
"37610",0,"2696",1,
"37690",0,"2696",1,
"37910",0,"2699",1,
"37920",0,"2699",1,
"37930",0,"2699",1,
"37940",0,"2699",1,
"37950",0,"2699",1,
"37960",0,"2699",1,
"37990",0,"2699",1,
"38111",0,"3610",1,
"38112",0,"3610",1,
"38119",0,"3610",1,
"38121",0,"3610",1,
"38122",0,"3610",1,
"38130",0,"3610",1,
"38140",0,"3610",1,
"38150",0,"3610",1,
"38160",0,"3610",1,
"38210",0,"0500",1,
"38220",0,"3691",1,
"38230",0,"3691",1,
"38240",0,"3691",1,
"38250",0,"3691",1,
"38310",0,"3692",1,
"38320",0,"3692",1,
"38330",0,"3692",1,
"38340",0,"3692",1,
"38350",0,"3692",1,
"38360",0,"3692",1,
"38410",0,"3693",1,
"38420",0,"3693",1,
"38430",0,"3693",1,
"38440",0,"3693",1,
"38450",0,"3693",1,
"38510",0,"3694",1,
"38520",0,"3694",1,
"38530",0,"3694",1,
"38540",0,"3694",1,
"38550",0,"3694",1,
"38560",0,"3694",1,
"38570",0,"3694",1,
"38580",0,"3694",1,
"38590",0,"3694",1,
"38600",0,"3699",1,
"38700",0,"2811",1,
"38911",0,"3699",1,
"38912",0,"3699",1,
"38921",0,"3699",1,
"38922",0,"3699",1,
"38923",0,"3699",1,
"38924",0,"3699",1,
"38930",0,"3699",1,
"38941",0,"7494",1,
"38942",0,"7494",1,
"38950",0,"9211",1,
"38960",0,"9214",1,
"38971",0,"9302",1,
"38972",0,"3699",1,
"38991",0,"3699",1,
"38992",0,"3699",1,
"38993",0,"3699",1,
"38994",0,"3699",1,
"38995",0,"3699",1,
"38996",0,"3699",1,
"38997",0,"3699",1,
"38998",0,"3699",1,
"38999",0,"3699",1,
"41111",0,"2710",1,
"41112",0,"2710",1,
"41113",0,"2710",1,
"41114",0,"2710",1,
"41115",0,"2710",1,
"41116",0,"2710",1,
"41121",0,"2710",1,
"41122",0,"2710",1,
"41211",0,"2710",1,
"41212",0,"2710",1,
"41213",0,"2710",1,
"41214",0,"2710",1,
"41221",0,"2710",1,
"41222",0,"2710",1,
"41223",0,"2710",1,
"41224",0,"2710",1,
"41231",0,"2710",1,
"41232",0,"2710",1,
"41233",0,"2710",1,
"41234",0,"2710",1,
"41235",0,"2710",1,
"41241",0,"2710",1,
"41242",0,"2710",1,
"41243",0,"2710",1,
"41244",0,"2710",1,
"41251",0,"2710",1,
"41252",0,"2710",1,
"41253",0,"2710",1,
"41261",0,"2710",1,
"41262",0,"2710",1,
"41263",0,"2710",1,
"41264",0,"2710",1,
"41265",0,"2710",1,
"41266",0,"2710",1,
"41271",0,"2710",1,
"41272",0,"2710",1,
"41273",0,"2710",1,
"41274",0,"2710",1,
"41275",0,"2710",1,
"41276",0,"2710",1,
"41277",0,"2710",1,
"41278",0,"2710",1,
"41310",0,"2720",1,
"41320",0,"2720",1,
"41330",0,"2720",1,
"41340",0,"2720",1,
"41350",0,"2720",1,
"41411",0,"2720",1,
"41412",0,"2720",1,
"41413",0,"2720",1,
"41421",0,"2720",1,
"41422",0,"2720",1,
"41431",0,"2720",1,
"41432",0,"2720",1,
"41441",0,"2720",1,
"41442",0,"2720",1,
"41443",0,"2720",1,
"41511",0,"2720",1,
"41512",0,"2720",1,
"41513",0,"2720",1,
"41514",0,"2720",1,
"41515",0,"2720",1,
"41516",0,"2720",1,
"41521",0,"2720",1,
"41522",0,"2720",1,
"41523",0,"2720",1,
"41524",0,"2720",1,
"41531",0,"2720",1,
"41532",0,"2720",1,
"41533",0,"2720",1,
"41534",0,"2720",1,
"41535",0,"2720",1,
"41536",0,"2720",1,
"41541",0,"2720",1,
"41542",0,"2720",1,
"41543",0,"2720",1,
"41544",0,"2720",1,
"41545",0,"2720",1,
"41546",0,"2720",1,
"41547",0,"2720",1,
"41548",0,"2720",1,
"41549",0,"2720",1,
"41601",0,"2720",1,
"41602",0,"2720",1,
"41603",0,"2720",1,
"41604",0,"2720",1,
"42110",0,"2811",1,
"42120",0,"2811",1,
"42190",0,"2811",1,
"42210",0,"2812",1,
"42220",0,"2812",1,
"42310",0,"2813",1,
"42320",0,"2813",1,
"42330",0,"2813",1,
"42341",0,"2813",1,
"42342",0,"2813",1,
"42911",0,"2899",1,
"42912",0,"2899",1,
"42913",0,"2893",1,
"42914",0,"2893",1,
"42915",0,"2893",1,
"42916",0,"2893",1,
"42921",0,"2893",1,
"42922",0,"2893",1,
"42931",0,"2899",1,
"42932",0,"2899",1,
"42941",0,"2899",1,
"42942",0,"2899",1,
"42943",0,"2899",1,
"42944",0,"2899",1,
"42945",0,"2899",1,
"42946",0,"2899",1,
"42950",0,"2899",1,
"42991",0,"2899",1,
"42992",0,"2893",1,
"42993",0,"2899",1,
"42994",0,"2899",1,
"42995",0,"2899",1,
"42996",0,"2899",1,
"42997",0,"2899",1,
"42998",0,"2899",1,
"42999",0,"2899",1,
"43110",0,"2911",1,
"43121",0,"3410",1,
"43122",0,"3410",1,
"43123",0,"3410",1,
"43131",0,"3530",1,
"43132",0,"3530",1,
"43133",0,"3530",1,
"43134",0,"3530",1,
"43141",0,"2911",1,
"43142",0,"2911",1,
"43143",0,"2911",1,
"43151",0,"3430",1,
"43152",0,"3530",1,
"43153",0,"2911",1,
"43154",0,"2911",1,
"43155",0,"3530",1,
"43156",0,"2911",1,
"43211",0,"2912",1,
"43212",0,"2912",1,
"43220",0,"2912",1,
"43230",0,"2912",1,
"43240",0,"2912",1,
"43251",0,"2912",1,
"43252",0,"2912",1,
"43253",0,"2912",1,
"43254",0,"2912",1,
"43310",0,"2913",1,
"43320",0,"2913",1,
"43331",0,"2913",1,
"43332",0,"2913",1,
"43410",0,"2914",1,
"43420",0,"2914",1,
"43430",0,"2914",1,
"43510",0,"2915",1,
"43520",0,"2915",1,
"43530",0,"2915",1,
"43540",0,"2915",1,
"43550",0,"2915",1,
"43560",0,"2915",1,
"43570",0,"2915",1,
"43580",0,"2915",1,
"43911",0,"2919",1,
"43912",0,"2919",1,
"43913",0,"2919",1,
"43914",0,"2919",1,
"43915",0,"2919",1,
"43921",0,"2919",1,
"43922",0,"2919",1,
"43923",0,"2919",1,
"43924",0,"2919",1,
"43931",0,"2919",1,
"43932",0,"2919",1,
"43933",0,"2919",1,
"43934",0,"2919",1,
"43935",0,"2919",1,
"43941",0,"2919",1,
"43942",0,"2919",1,
"43943",0,"2919",1,
"43944",0,"2919",1,
"43949",0,"2919",1,
"44110",0,"2921",1,
"44120",0,"2921",1,
"44130",0,"2921",1,
"44140",0,"2921",1,
"44150",0,"2921",1,
"44160",0,"2921",1,
"44170",0,"2921",1,
"44180",0,"2921",1,
"44190",0,"2921",1,
"44211",0,"2922",1,
"44212",0,"2922",1,
"44213",0,"2922",1,
"44214",0,"2922",1,
"44215",0,"2922",1,
"44216",0,"2922",1,
"44217",0,"2922",1,
"44218",0,"2922",1,
"44221",0,"2922",1,
"44222",0,"2922",1,
"44231",0,"2922",1,
"44232",0,"2922",1,
"44240",0,"2922",1,
"44251",0,"2922",1,
"44252",0,"2922",1,
"44253",0,"2922",1,
"44254",0,"2922",1,
"44255",0,"2922",1,
"44310",0,"2923",1,
"44320",0,"2923",1,
"44411",0,"2924",1,
"44412",0,"2924",1,
"44421",0,"2924",1,
"44422",0,"2924",1,
"44423",0,"2924",1,
"44424",0,"2924",1,
"44425",0,"2924",1,
"44426",0,"2924",1,
"44427",0,"2924",1,
"44428",0,"2924",1,
"44429",0,"2924",1,
"44430",0,"2924",1,
"44440",0,"2924",1,
"44450",0,"2924",1,
"44461",0,"2924",1,
"44462",0,"2924",1,
"44511",0,"2925",1,
"44512",0,"2925",1,
"44513",0,"2925",1,
"44514",0,"2925",1,
"44515",0,"2925",1,
"44516",0,"2925",1,
"44517",0,"2925",1,
"44521",0,"2925",1,
"44522",0,"2925",1,
"44523",0,"2925",1,
"44611",0,"2926",1,
"44612",0,"2926",1,
"44613",0,"2926",1,
"44614",0,"2926",1,
"44621",0,"2926",1,
"44622",0,"2926",1,
"44623",0,"2926",1,
"44630",0,"2926",1,
"44640",0,"2926",1,
"44710",0,"2927",1,
"44720",0,"2927",1,
"44730",0,"2927",1,
"44740",0,"2927",1,
"44750",0,"2899",1,
"44760",0,"2927",1,
"44811",0,"2930",1,
"44812",0,"2930",1,
"44813",0,"2930",1,
"44814",0,"2926",1,
"44815",0,"2930",1,
"44816",0,"2930",1,
"44817",0,"2930",1,
"44818",0,"2930",1,
"44821",0,"2930",1,
"44822",0,"2930",1,
"44823",0,"2812",1,
"44824",0,"2930",1,
"44825",0,"2812",1,
"44826",0,"2930",1,
"44831",0,"2930",1,
"44832",0,"2930",1,
"44833",0,"2812",1,
"44911",0,"2929",1,
"44912",0,"2929",1,
"44913",0,"2929",1,
"44914",0,"2929",1,
"44915",0,"2929",1,
"44916",0,"2929",1,
"44917",0,"2929",1,
"44921",0,"2929",1,
"44922",0,"2929",1,
"44929",0,"2929",1,
"45110",0,"3000",1,
"45120",0,"3000",1,
"45130",0,"3000",1,
"45140",0,"3000",1,
"45150",0,"3000",1,
"45160",0,"3000",1,
"45170",0,"3000",1,
"45180",0,"3000",1,
"45210",0,"3000",1,
"45220",0,"3000",1,
"45230",0,"3000",1,
"45240",0,"3000",1,
"45250",0,"3000",1,
"45260",0,"3000",1,
"45270",0,"3000",1,
"45280",0,"3000",1,
"45290",0,"3000",1,
"46111",0,"3110",1,
"46112",0,"3110",1,
"46113",0,"3110",1,
"46121",0,"3110",1,
"46122",0,"3110",1,
"46131",0,"3110",1,
"46132",0,"3110",1,
"46211",0,"3120",1,
"46212",0,"3120",1,
"46213",0,"3120",1,
"46214",0,"3120",1,
"46220",0,"3120",1,
"46310",0,"3130",1,
"46320",0,"3130",1,
"46330",0,"3190",1,
"46340",0,"3130",1,
"46350",0,"3130",1,
"46360",0,"3130",1,
"46410",0,"3140",1,
"46420",0,"3140",1,
"46430",0,"3140",1,
"46510",0,"3150",1,
"46520",0,"3150",1,
"46531",0,"3150",1,
"46532",0,"3150",1,
"46539",0,"3150",1,
"46541",0,"3150",1,
"46542",0,"3150",1,
"46910",0,"3190",1,
"46920",0,"3190",1,
"46930",0,"3190",1,
"46940",0,"3190",1,
"46950",0,"3190",1,
"46960",0,"3190",1,
"47110",0,"3210",1,
"47120",0,"3210",1,
"47130",0,"3210",1,
"47140",0,"3210",1,
"47150",0,"3210",1,
"47160",0,"3210",1,
"47171",0,"3210",1,
"47172",0,"3210",1,
"47173",0,"3210",1,
"47211",0,"3220",1,
"47212",0,"3220",1,
"47220",0,"3220",1,
"47311",0,"3230",1,
"47312",0,"3230",1,
"47313",0,"3230",1,
"47321",0,"3230",1,
"47322",0,"3230",1,
"47323",0,"3230",1,
"47331",0,"3230",1,
"47332",0,"3230",1,
"47401",0,"3220",1,
"47402",0,"3230",1,
"47403",1,"3220",1,
"47403",1,"3230",1,
"47403",1,"3312",1,
"47510",0,"2429",1,
"47520",1,"2213",1,"Audio media (publishing)"
"47520",1,"2230",1,"Packaged software, audio and other media (reproduction)"
"47520",1,"7220",1,"Package software (publishing) and custom software"
"47600",0,"3210",1,
"48110",0,"3311",1,
"48120",0,"3311",1,
"48130",0,"3311",1,
"48140",0,"3311",1,
"48150",0,"3311",1,
"48160",0,"3311",1,
"48170",0,"3311",1,
"48180",0,"3311",1,
"48211",0,"3312",1,
"48212",0,"3312",1,
"48220",0,"3312",1,
"48231",0,"3312",1,
"48232",0,"3312",1,
"48233",0,"3312",1,
"48241",0,"3312",1,
"48242",0,"3312",1,
"48243",0,"3312",1,
"48244",0,"3312",1,
"48245",0,"3312",1,
"48251",0,"3312",1,
"48252",0,"3312",1,
"48253",0,"3312",1,
"48261",0,"3312",1,
"48262",0,"3312",1,
"48263",0,"3312",1,
"48264",0,"3312",1,
"48265",0,"3312",1,
"48270",0,"3313",1,
"48281",0,"3312",1,
"48282",0,"3312",1,
"48283",0,"3312",1,
"48284",0,"3313",1,
"48311",0,"3320",1,
"48312",0,"3320",1,
"48313",0,"3320",1,
"48314",0,"3320",1,
"48315",0,"3320",1,
"48321",0,"3320",1,
"48322",0,"3320",1,
"48323",0,"3320",1,
"48324",0,"3320",1,
"48330",0,"3320",1,
"48341",0,"2429",1,
"48342",0,"2429",1,
"48351",0,"3320",1,
"48352",0,"3320",1,
"48353",0,"3320",1,
"48410",0,"3330",1,
"48420",0,"3330",1,
"48430",0,"3330",1,
"48440",0,"3330",1,
"48490",0,"3330",1,
"49111",0,"3410",1,
"49112",0,"3410",1,
"49113",0,"3410",1,
"49114",0,"3410",1,
"49115",0,"3410",1,
"49116",0,"3410",1,
"49119",0,"3410",1,
"49121",0,"3410",1,
"49129",0,"3430",1,
"49210",0,"3420",1,
"49221",0,"3420",1,
"49222",0,"3420",1,
"49229",0,"3420",1,
"49231",0,"3430",1,
"49232",0,"3420",1,
"49311",0,"3511",1,
"49312",0,"3511",1,
"49313",0,"3511",1,
"49314",0,"3511",1,
"49315",0,"3511",1,
"49316",0,"3511",1,
"49319",0,"3511",1,
"49320",0,"3511",1,
"49390",0,"3511",1,
"49410",0,"3512",1,
"49490",0,"3512",1,
"49511",0,"3520",1,
"49512",0,"3520",1,
"49519",0,"3520",1,
"49520",0,"3520",1,
"49531",0,"3520",1,
"49532",0,"3520",1,
"49533",0,"3520",1,
"49540",0,"3520",1,
"49611",0,"3530",1,
"49612",0,"3530",1,
"49621",0,"3530",1,
"49622",0,"3530",1,
"49623",0,"3530",1,
"49630",0,"3530",1,
"49640",0,"3530",1,
"49911",0,"3591",1,
"49912",0,"3591",1,
"49913",0,"3591",1,
"49921",0,"3592",1,
"49922",0,"3592",1,
"49930",0,"3599",1,
"49941",0,"3591",1,
"49942",0,"3592",1,
"53111",0,"4520",1,
"53119",0,"4520",1,
"53121",0,"4520",1,
"53122",0,"4520",1,
"53129",0,"4520",1,
"53211",0,"4520",1,
"53212",0,"4520",1,
"53213",0,"4520",1,
"53221",0,"4520",1,
"53222",0,"4520",1,
"53231",0,"4520",1,
"53232",0,"4520",1,
"53233",0,"4520",1,
"53234",0,"4520",1,
"53241",0,"4520",1,
"53242",0,"4520",1,
"53251",0,"4520",1,
"53252",0,"4520",1,
"53261",0,"4520",1,
"53262",0,"4520",1,
"53263",0,"4520",1,
"53269",0,"4520",1,
"53270",0,"4520",1,
"53290",0,"4520",1,
"54111",0,"4520",1,
"54112",0,"4520",1,
"54121",0,"4520",1,
"54122",0,"4520",1,
"54129",0,"4520",1,
"54210",0,"4520",1,
"54220",0,"4520",1,
"54230",0,"4520",1,
"54241",0,"4520",1,
"54242",0,"4520",1,
"54251",0,"4520",1,
"54252",0,"4520",1,
"54260",0,"4520",1,
"54270",0,"4520",1,
"54290",0,"4520",1,
"54310",0,"4510",1,
"54320",0,"4510",1,
"54330",0,"4510",1,
"54341",0,"4520",1,
"54342",0,"4520",1,
"54400",0,"4520",1,
"54511",0,"4520",1,
"54512",0,"4520",1,
"54521",0,"4520",1,
"54522",0,"4520",1,
"54530",0,"4520",1,
"54540",0,"4520",1,
"54550",0,"4520",1,
"54560",0,"4520",1,
"54570",0,"4520",1,
"54590",0,"4520",1,
"54611",0,"4530",1,
"54612",0,"4530",1,
"54613",0,"4530",1,
"54614",0,"4530",1,
"54619",0,"4530",1,
"54621",0,"4530",1,
"54622",0,"4530",1,
"54631",0,"4530",1,
"54632",0,"4530",1,
"54640",0,"4530",1,
"54650",0,"4530",1,
"54691",0,"4530",1,
"54699",0,"4530",1,
"54710",0,"4540",1,
"54720",0,"4540",1,
"54730",0,"4540",1,
"54740",0,"4540",1,
"54750",0,"4540",1,
"54760",0,"4540",1,
"54770",0,"4530",1,
"54790",0,"4540",1,
"54800",0,"4550",0,
"61111",0,"5121",1,
"61112",0,"5121",1,
"61113",0,"5121",1,
"61114",0,"5121",1,
"61115",0,"5121",1,
"61119",0,"5121",1,
"61121",0,"5122",1,
"61122",0,"5122",1,
"61123",0,"5122",1,
"61124",0,"5122",1,
"61125",0,"5122",1,
"61126",0,"5122",1,
"61127",0,"5122",1,
"61128",0,"5122",1,
"61129",0,"5122",1,
"61131",0,"5131",1,
"61132",0,"5131",1,
"61133",0,"5131",1,
"61134",0,"5131",1,
"61141",0,"5139",1,
"61142",0,"5139",1,
"61143",0,"5139",1,
"61144",0,"5139",1,
"61145",0,"5139",1,
"61146",0,"5139",1,
"61149",0,"5139",1,
"61151",0,"5139",1,
"61152",0,"5139",1,
"61153",0,"5139",1,
"61154",0,"5139",1,
"61155",0,"5139",1,
"61156",0,"5139",1,
"61159",0,"5139",1,
"61161",0,"5143",1,
"61162",0,"5143",1,
"61163",0,"5139",1,
"61164",0,"5143",1,
"61165",0,"5143",1,
"61171",0,"5149",1,
"61172",0,"5149",1,
"61173",0,"5139",1,
"61174",0,"5139",1,
"61175",0,"5139",1,
"61176",0,"5139",1,
"61181",1,"5010",1,
"61181",1,"5030",1,
"61181",1,"5040",1,
"61182",0,"5150",1,
"61183",0,"5150",1,
"61184",0,"5150",1,
"61185",1,"5139",1,
"61185",1,"5150",1,
"61186",0,"5150",1,
"61187",0,"5150",1,
"61189",0,"5150",1,
"61191",0,"5141",0,
"61192",0,"5142",0,
"61193",0,"5143",1,
"61194",0,"5139",1,
"61195",0,"5149",1,
"61196",0,"5149",1,
"61199",0,"5190",0,
"61211",0,"5110",1,
"61212",0,"5110",1,
"61213",0,"5110",1,
"61214",0,"5110",1,
"61215",0,"5110",1,
"61219",0,"5110",1,
"61221",0,"5110",1,
"61222",0,"5110",1,
"61223",0,"5110",1,
"61224",0,"5110",1,
"61225",0,"5110",1,
"61226",0,"5110",1,
"61227",0,"5110",1,
"61228",0,"5110",1,
"61229",0,"5110",1,
"61231",0,"5110",1,
"61232",0,"5110",1,
"61233",0,"5110",1,
"61234",0,"5110",1,
"61241",0,"5110",1,
"61242",0,"5110",1,
"61243",0,"5110",1,
"61244",0,"5110",1,
"61245",0,"5110",1,
"61246",0,"5110",1,
"61249",0,"5110",1,
"61251",0,"5110",1,
"61252",0,"5110",1,
"61253",0,"5110",1,
"61254",0,"5110",1,
"61255",0,"5110",1,
"61256",0,"5110",1,
"61259",0,"5110",1,
"61261",0,"5110",1,
"61262",0,"5110",1,
"61263",0,"5110",1,
"61264",0,"5110",1,
"61265",0,"5110",1,
"61271",0,"5110",1,
"61272",0,"5110",1,
"61273",0,"5110",1,
"61274",0,"5110",1,
"61275",0,"5110",1,
"61276",0,"5110",1,
"61281",1,"5010",1,
"61281",1,"5030",1,
"61281",1,"5040",1,
"61282",0,"5110",1,
"61283",0,"5110",1,
"61284",0,"5110",1,
"61285",0,"5110",1,
"61286",0,"5110",1,
"61287",0,"5110",1,
"61289",0,"5110",1,
"61291",0,"5110",1,
"61292",0,"5110",1,
"61293",0,"5110",1,
"61294",0,"5110",1,
"61295",0,"5110",1,
"61296",0,"5110",1,
"61299",0,"5110",1,
"62111",1,"5211",1,
"62111",1,"5219",1,
"62112",1,"5211",1,
"62112",1,"5219",1,
"62114",1,"5211",1,
"62114",1,"5219",1,
"62115",1,"5211",1,
"62115",1,"5219",1,
"62121",1,"5211",1,
"62121",1,"5219",1,
"62122",1,"5211",1,
"62122",1,"5219",1,
"62123",1,"5211",1,
"62123",1,"5219",1,
"62124",1,"5211",1,
"62124",1,"5219",1,
"62125",1,"5211",1,
"62125",1,"5219",1,
"62126",1,"5211",1,
"62126",1,"5219",1,
"62127",1,"5211",1,
"62127",1,"5219",1,
"62128",1,"5211",1,
"62128",1,"5219",1,
"62129",1,"5211",1,
"62129",1,"5219",1,
"62131",1,"5211",1,
"62131",1,"5219",1,
"62131",1,"5240",1,
"62132",1,"5211",1,
"62132",1,"5219",1,
"62132",1,"5240",1,
"62133",1,"5211",1,
"62133",1,"5219",1,
"62133",1,"5240",1,
"62134",1,"5211",1,
"62134",1,"5219",1,
"62134",1,"5240",1,
"62141",1,"5211",1,
"62141",1,"5219",1,
"62141",1,"5240",1,
"62142",1,"5211",1,
"62142",1,"5219",1,
"62142",1,"5240",1,
"62143",1,"5211",1,
"62143",1,"5219",1,
"62143",1,"5240",1,
"62144",1,"5211",1,
"62144",1,"5219",1,
"62144",1,"5240",1,
"62145",1,"5211",1,
"62145",1,"5219",1,
"62145",1,"5240",1,
"62146",1,"5211",1,
"62146",1,"5219",1,
"62146",1,"5240",1,
"62149",1,"5211",1,
"62149",1,"5219",1,
"62149",1,"5240",1,
"62151",1,"5211",1,
"62151",1,"5219",1,
"62151",1,"5240",1,
"62152",1,"5211",1,
"62152",1,"5219",1,
"62152",1,"5240",1,
"62153",1,"5211",1,
"62153",1,"5219",1,
"62153",1,"5240",1,
"62154",1,"5211",1,
"62154",1,"5219",1,
"62154",1,"5240",1,
"62155",1,"5211",1,
"62155",1,"5219",1,
"62155",1,"5240",1,
"62156",1,"5211",1,
"62156",1,"5219",1,
"62156",1,"5240",1,
"62159",1,"5211",1,
"62159",1,"5219",1,
"62159",1,"5240",1,
"62161",1,"5211",1,
"62161",1,"5219",1,
"62162",1,"5211",1,
"62162",1,"5219",1,
"62163",1,"5211",1,
"62163",1,"5219",1,
"62164",1,"5211",1,
"62164",1,"5219",1,
"62165",1,"5211",1,
"62165",1,"5219",1,
"62165",1,"5240",1,
"62172",1,"5211",1,
"62172",1,"5219",1,
"62173",1,"5211",1,
"62173",1,"5219",1,
"62174",1,"5211",1,
"62174",1,"5219",1,
"62174",1,"5240",1,
"62175",1,"5211",1,
"62175",1,"5219",1,
"62176",1,"5211",1,
"62176",1,"5219",1,
"62182",1,"5211",1,
"62182",1,"5219",1,
"62182",1,"5240",1,
"62183",1,"5211",1,
"62183",1,"5219",1,
"62183",1,"5240",1,
"62184",1,"5211",1,
"62184",1,"5219",1,
"62184",1,"5240",1,
"62185",1,"5211",1,
"62185",1,"5219",1,
"62185",1,"5240",1,
"62191",1,"5211",1,
"62191",1,"5219",1,
"62194",1,"5211",1,
"62194",1,"5219",1,
"62199",1,"5211",1,
"62199",1,"5219",1,
"62199",1,"5240",1,
"62211",0,"5239",1,
"62212",0,"5239",1,
"62214",0,"5239",1,
"62215",0,"5239",1,
"62221",0,"5220",1,
"62222",0,"5220",1,
"62223",0,"5220",1,
"62224",0,"5220",1,
"62225",0,"5220",1,
"62226",0,"5220",1,
"62227",0,"5220",1,
"62228",0,"5220",1,
"62229",0,"5220",1,
"62231",1,"5232",1,
"62231",1,"5240",1,
"62232",1,"5233",1,
"62232",1,"5240",1,
"62233",1,"5232",1,
"62233",1,"5240",1,
"62234",1,"5232",1,
"62234",1,"5240",1,
"62241",1,"5233",1,
"62241",1,"5240",1,
"62242",1,"5233",1,
"62242",1,"5240",1,
"62243",1,"5233",1,
"62243",1,"5240",1,
"62244",1,"5233",1,
"62244",1,"5240",1,
"62245",1,"5233",1,
"62245",1,"5240",1,
"62246",1,"5233",1,
"62246",1,"5240",1,
"62249",1,"5233",1,
"62249",1,"5240",1,
"62251",1,"5239",1,
"62251",1,"5240",1,
"62252",1,"5239",1,
"62252",1,"5240",1,
"62253",1,"5239",1,
"62253",1,"5240",1,
"62254",1,"5239",1,
"62254",1,"5240",1,
"62255",1,"5239",1,
"62255",1,"5240",1,
"62256",1,"5232",1,
"62256",1,"5240",1,
"62259",1,"5239",1,
"62259",1,"5240",1,
"62261",0,"5234",1,
"62262",0,"5234",1,
"62263",0,"5239",1,
"62264",0,"5234",1,
"62265",1,"5234",1,
"62265",1,"5240",1,
"62272",0,"5239",1,
"62273",0,"5231",1,
"62274",1,"5231",1,
"62274",1,"5240",1,
"62275",0,"5231",1,
"62276",0,"5239",1,
"62281",1,"5010",1,
"62281",1,"5030",1,
"62281",1,"5040",1,
"62282",1,"5239",1,
"62282",1,"5240",1,
"62283",1,"5239",1,
"62283",1,"5240",1,
"62284",1,"5239",1,
"62284",1,"5240",1,
"62285",1,"5239",1,
"62285",1,"5240",1,
"62291",1,"5050",1,
"62291",1,"5239",1,
"62294",0,"5239",1,
"62299",0,"5239",1,
"62311",0,"5251",1,
"62312",0,"5251",1,
"62314",0,"5251",1,
"62315",0,"5251",1,
"62321",0,"5251",1,
"62322",0,"5251",1,
"62323",0,"5251",1,
"62324",0,"5251",1,
"62325",0,"5251",1,
"62326",0,"5251",1,
"62327",0,"5251",1,
"62328",0,"5251",1,
"62329",0,"5251",1,
"62331",0,"5251",1,
"62332",0,"5251",1,
"62333",0,"5251",1,
"62334",0,"5251",1,
"62341",0,"5251",1,
"62342",0,"5251",1,
"62343",0,"5251",1,
"62344",0,"5251",1,
"62345",0,"5251",1,
"62346",0,"5251",1,
"62349",0,"5251",1,
"62351",0,"5251",1,
"62352",0,"5251",1,
"62353",0,"5251",1,
"62354",0,"5251",1,
"62355",0,"5251",1,
"62356",0,"5251",1,
"62359",0,"5251",1,
"62361",0,"5251",1,
"62362",0,"5251",1,
"62363",0,"5251",1,
"62364",0,"5251",1,
"62365",0,"5251",1,
"62372",0,"5251",1,
"62373",0,"5251",1,
"62374",0,"5251",1,
"62375",0,"5251",1,
"62376",0,"5251",1,
"62381",1,"5010",1,
"62381",1,"5030",1,
"62381",1,"5040",1,
"62382",0,"5251",1,
"62383",0,"5251",1,
"62384",0,"5251",1,
"62385",0,"5251",1,
"62394",0,"5251",1,
"62399",0,"5251",1,
"62411",1,"5252",1,
"62411",1,"5259",1,
"62412",1,"5252",1,
"62412",1,"5259",1,
"62414",1,"5252",1,
"62414",1,"5259",1,
"62415",1,"5252",1,
"62415",1,"5259",1,
"62421",1,"5252",1,
"62421",1,"5259",1,
"62422",1,"5252",1,
"62422",1,"5259",1,
"62423",1,"5252",1,
"62423",1,"5259",1,
"62424",1,"5252",1,
"62424",1,"5259",1,
"62425",1,"5252",1,
"62425",1,"5259",1,
"62426",1,"5252",1,
"62426",1,"5259",1,
"62427",1,"5252",1,
"62427",1,"5259",1,
"62428",1,"5252",1,
"62428",1,"5259",1,
"62429",1,"5252",1,
"62429",1,"5259",1,
"62431",1,"5252",1,
"62431",1,"5259",1,
"62432",1,"5252",1,
"62432",1,"5259",1,
"62433",1,"5252",1,
"62433",1,"5259",1,
"62434",1,"5252",1,
"62434",1,"5259",1,
"62441",1,"5252",1,
"62441",1,"5259",1,
"62442",1,"5252",1,
"62442",1,"5259",1,
"62443",1,"5252",1,
"62443",1,"5259",1,
"62444",1,"5252",1,
"62444",1,"5259",1,
"62445",1,"5252",1,
"62445",1,"5259",1,
"62446",1,"5252",1,
"62446",1,"5259",1,
"62449",1,"5252",1,
"62449",1,"5259",1,
"62451",1,"5252",1,
"62451",1,"5259",1,
"62452",1,"5252",1,
"62452",1,"5259",1,
"62453",1,"5252",1,
"62453",1,"5259",1,
"62454",1,"5252",1,
"62454",1,"5259",1,
"62455",1,"5252",1,
"62455",1,"5259",1,
"62456",1,"5252",1,
"62456",1,"5259",1,
"62459",1,"5252",1,
"62459",1,"5259",1,
"62461",1,"5252",1,
"62461",1,"5259",1,
"62462",1,"5252",1,
"62462",1,"5259",1,
"62463",1,"5252",1,
"62463",1,"5259",1,
"62464",1,"5252",1,
"62464",1,"5259",1,
"62465",1,"5252",1,
"62465",1,"5259",1,
"62472",1,"5252",1,
"62472",1,"5259",1,
"62473",1,"5252",1,
"62473",1,"5259",1,
"62474",1,"5252",1,
"62474",1,"5259",1,
"62475",1,"5252",1,
"62475",1,"5259",1,
"62476",1,"5252",1,
"62476",1,"5259",1,
"62481",1,"5010",1,
"62481",1,"5030",1,
"62481",1,"5040",1,
"62482",1,"5252",1,
"62482",1,"5259",1,
"62483",1,"5252",1,
"62483",1,"5259",1,
"62484",1,"5252",1,
"62484",1,"5259",1,
"62485",1,"5252",1,
"62485",1,"5259",1,
"62491",1,"5050",1,
"62491",1,"5252",1,
"62491",1,"5259",1,
"62494",1,"5252",1,
"62494",1,"5259",1,
"62499",1,"5252",1,
"62499",1,"5259",1,
"62511",1,"5211",1,
"62511",1,"5219",1,
"62511",1,"5239",1,
"62511",1,"5251",1,
"62511",1,"5252",1,
"62511",1,"5259",1,
"62512",1,"5211",1,
"62512",1,"5219",1,
"62512",1,"5239",1,
"62512",1,"5251",1,
"62512",1,"5252",1,
"62512",1,"5259",1,
"62514",1,"5211",1,
"62514",1,"5219",1,
"62514",1,"5239",1,
"62514",1,"5251",1,
"62514",1,"5252",1,
"62514",1,"5259",1,
"62515",1,"5211",1,
"62515",1,"5219",1,
"62515",1,"5239",1,
"62515",1,"5251",1,
"62515",1,"5252",1,
"62515",1,"5259",1,
"62519",1,"5252",1,
"62519",1,"5259",1,
"62521",1,"5211",1,
"62521",1,"5219",1,
"62521",1,"5220",1,
"62521",1,"5251",1,
"62521",1,"5252",1,
"62521",1,"5259",1,
"62522",1,"5211",1,
"62522",1,"5219",1,
"62522",1,"5220",1,
"62522",1,"5251",1,
"62522",1,"5252",1,
"62522",1,"5259",1,
"62523",1,"5211",1,
"62523",1,"5219",1,
"62523",1,"5220",1,
"62523",1,"5251",1,
"62523",1,"5252",1,
"62523",1,"5259",1,
"62524",1,"5211",1,
"62524",1,"5219",1,
"62524",1,"5220",1,
"62524",1,"5251",1,
"62524",1,"5252",1,
"62524",1,"5259",1,
"62525",1,"5211",1,
"62525",1,"5219",1,
"62525",1,"5220",1,
"62525",1,"5251",1,
"62525",1,"5252",1,
"62525",1,"5259",1,
"62526",1,"5211",1,
"62526",1,"5219",1,
"62526",1,"5220",1,
"62526",1,"5251",1,
"62526",1,"5252",1,
"62526",1,"5259",1,
"62527",1,"5211",1,
"62527",1,"5219",1,
"62527",1,"5220",1,
"62527",1,"5251",1,
"62527",1,"5252",1,
"62527",1,"5259",1,
"62528",1,"5211",1,
"62528",1,"5219",1,
"62528",1,"5220",1,
"62528",1,"5251",1,
"62528",1,"5252",1,
"62528",1,"5259",1,
"62529",1,"5211",1,
"62529",1,"5219",1,
"62529",1,"5220",1,
"62529",1,"5251",1,
"62529",1,"5252",1,
"62529",1,"5259",1,
"62531",1,"5211",1,
"62531",1,"5219",1,
"62531",1,"5232",1,
"62531",1,"5240",1,
"62531",1,"5251",1,
"62531",1,"5252",1,
"62531",1,"5259",1,
"62532",1,"5211",1,
"62532",1,"5219",1,
"62532",1,"5233",1,
"62532",1,"5240",1,
"62532",1,"5251",1,
"62532",1,"5252",1,
"62532",1,"5259",1,
"62533",1,"5211",1,
"62533",1,"5219",1,
"62533",1,"5232",1,
"62533",1,"5240",1,
"62533",1,"5251",1,
"62533",1,"5252",1,
"62533",1,"5259",1,
"62534",1,"5211",1,
"62534",1,"5219",1,
"62534",1,"5232",1,
"62534",1,"5240",1,
"62534",1,"5251",1,
"62534",1,"5252",1,
"62534",1,"5259",1,
"62541",1,"5211",1,
"62541",1,"5219",1,
"62541",1,"5233",1,
"62541",1,"5240",1,
"62541",1,"5251",1,
"62541",1,"5252",1,
"62541",1,"5259",1,
"62542",1,"5211",1,
"62542",1,"5219",1,
"62542",1,"5233",1,
"62542",1,"5240",1,
"62542",1,"5251",1,
"62542",1,"5252",1,
"62542",1,"5259",1,
"62543",1,"5211",1,
"62543",1,"5219",1,
"62543",1,"5233",1,
"62543",1,"5240",1,
"62543",1,"5251",1,
"62543",1,"5252",1,
"62543",1,"5259",1,
"62544",1,"5211",1,
"62544",1,"5219",1,
"62544",1,"5233",1,
"62544",1,"5240",1,
"62544",1,"5251",1,
"62544",1,"5252",1,
"62544",1,"5259",1,
"62545",1,"5211",1,
"62545",1,"5219",1,
"62545",1,"5233",1,
"62545",1,"5240",1,
"62545",1,"5251",1,
"62545",1,"5252",1,
"62545",1,"5259",1,
"62546",1,"5211",1,
"62546",1,"5219",1,
"62546",1,"5233",1,
"62546",1,"5240",1,
"62546",1,"5251",1,
"62546",1,"5252",1,
"62546",1,"5259",1,
"62549",1,"5211",1,
"62549",1,"5219",1,
"62549",1,"5233",1,
"62549",1,"5240",1,
"62549",1,"5251",1,
"62549",1,"5252",1,
"62549",1,"5259",1,
"62551",1,"5211",1,
"62551",1,"5219",1,
"62551",1,"5239",1,
"62551",1,"5240",1,
"62551",1,"5251",1,
"62551",1,"5252",1,
"62551",1,"5259",1,
"62552",1,"5211",1,
"62552",1,"5219",1,
"62552",1,"5239",1,
"62552",1,"5240",1,
"62552",1,"5251",1,
"62552",1,"5252",1,
"62552",1,"5259",1,
"62553",1,"5211",1,
"62553",1,"5219",1,
"62553",1,"5239",1,
"62553",1,"5240",1,
"62553",1,"5251",1,
"62553",1,"5252",1,
"62553",1,"5259",1,
"62554",1,"5211",1,
"62554",1,"5219",1,
"62554",1,"5239",1,
"62554",1,"5240",1,
"62554",1,"5251",1,
"62554",1,"5252",1,
"62554",1,"5259",1,
"62555",1,"5211",1,
"62555",1,"5219",1,
"62555",1,"5239",1,
"62555",1,"5240",1,
"62555",1,"5251",1,
"62555",1,"5252",1,
"62555",1,"5259",1,
"62556",1,"5211",1,
"62556",1,"5219",1,
"62556",1,"5232",1,
"62556",1,"5240",1,
"62556",1,"5251",1,
"62556",1,"5252",1,
"62556",1,"5259",1,
"62559",1,"5211",1,
"62559",1,"5219",1,
"62559",1,"5239",1,
"62559",1,"5240",1,
"62559",1,"5251",1,
"62559",1,"5252",1,
"62559",1,"5259",1,
"62561",1,"5211",1,
"62561",1,"5219",1,
"62561",1,"5234",1,
"62561",1,"5251",1,
"62561",1,"5252",1,
"62561",1,"5259",1,
"62562",1,"5211",1,
"62562",1,"5219",1,
"62562",1,"5234",1,
"62562",1,"5251",1,
"62562",1,"5252",1,
"62562",1,"5259",1,
"62563",1,"5211",1,
"62563",1,"5219",1,
"62563",1,"5239",1,
"62563",1,"5251",1,
"62563",1,"5252",1,
"62563",1,"5259",1,
"62564",1,"5211",1,
"62564",1,"5219",1,
"62564",1,"5234",1,
"62564",1,"5251",1,
"62564",1,"5252",1,
"62564",1,"5259",1,
"62565",1,"5211",1,
"62565",1,"5219",1,
"62565",1,"5234",1,
"62565",1,"5240",1,
"62565",1,"5251",1,
"62565",1,"5252",1,
"62565",1,"5259",1,
"62572",1,"5211",1,
"62572",1,"5219",1,
"62572",1,"5239",1,
"62572",1,"5251",1,
"62572",1,"5252",1,
"62572",1,"5259",1,
"62573",1,"5211",1,
"62573",1,"5219",1,
"62573",1,"5231",1,
"62573",1,"5251",1,
"62573",1,"5252",1,
"62573",1,"5259",1,
"62574",1,"5211",1,
"62574",1,"5219",1,
"62574",1,"5231",1,
"62574",1,"5240",1,
"62574",1,"5251",1,
"62574",1,"5252",1,
"62574",1,"5259",1,
"62575",1,"5211",1,
"62575",1,"5219",1,
"62575",1,"5231",1,
"62575",1,"5251",1,
"62575",1,"5252",1,
"62575",1,"5259",1,
"62576",1,"5211",1,
"62576",1,"5219",1,
"62576",1,"5239",1,
"62576",1,"5251",1,
"62576",1,"5252",1,
"62576",1,"5259",1,
"62581",1,"5010",1,
"62581",1,"5030",1,
"62581",1,"5040",1,
"62582",1,"5211",1,
"62582",1,"5219",1,
"62582",1,"5239",1,
"62582",1,"5240",1,
"62582",1,"5251",1,
"62582",1,"5252",1,
"62582",1,"5259",1,
"62583",1,"5211",1,
"62583",1,"5219",1,
"62583",1,"5239",1,
"62583",1,"5240",1,
"62583",1,"5251",1,
"62583",1,"5252",1,
"62583",1,"5259",1,
"62584",1,"5211",1,
"62584",1,"5219",1,
"62584",1,"5239",1,
"62584",1,"5240",1,
"62584",1,"5251",1,
"62584",1,"5252",1,
"62584",1,"5259",1,
"62585",1,"5211",1,
"62585",1,"5219",1,
"62585",1,"5239",1,
"62585",1,"5240",1,
"62585",1,"5251",1,
"62585",1,"5252",1,
"62585",1,"5259",1,
"62591",1,"5050",1,
"62591",1,"5211",1,
"62591",1,"5219",1,
"62591",1,"5239",1,
"62591",1,"5252",1,
"62591",1,"5259",1,
"62594",1,"5211",1,
"62594",1,"5219",1,
"62594",1,"5239",1,
"62594",1,"5251",1,
"62594",1,"5252",1,
"62594",1,"5259",1,
"62599",1,"5211",1,
"62599",1,"5219",1,
"62599",1,"5239",1,
"62599",1,"5252",1,
"62599",1,"5259",1,
"63110",0,"5510",1,
"63191",0,"5510",1,
"63192",0,"5510",1,
"63193",0,"5510",1,
"63194",0,"5510",1,
"63195",0,"5510",1,
"63199",0,"5510",1,
"63210",0,"5520",1,
"63220",0,"5520",1,
"63230",0,"5520",1,
"63290",0,"5520",1,
"63300",0,"5520",1,
"64111",0,"6010",1,
"64112",0,"6021",1,
"64121",0,"6010",1,
"64122",0,"6010",1,
"64123",0,"6010",1,
"64124",0,"6010",1,
"64129",0,"6010",1,
"64130",0,"6010",1,
"64211",0,"6021",1,
"64212",0,"6021",1,
"64213",0,"6021",1,
"64214",0,"6021",1,
"64219",0,"6021",1,
"64221",0,"6022",1,
"64222",0,"6022",1,
"64223",0,"6022",1,
"64224",0,"6022",1,
"64229",0,"6022",1,
"64231",0,"6023",1,
"64232",0,"6023",1,
"64233",0,"6023",1,
"64234",0,"6023",1,
"64235",0,"6023",1,
"64236",0,"6023",1,
"64239",0,"6023",1,
"64240",0,"6412",1,
"64250",0,"6023",1,
"64310",0,"6030",1,
"64390",0,"6030",1,
"65111",0,"6110",1,
"65119",0,"6110",1,
"65121",0,"6110",1,
"65122",0,"6110",1,
"65123",0,"6110",1,
"65129",0,"6110",1,
"65130",0,"6110",1,
"65140",0,"6110",1,
"65211",0,"6120",1,
"65219",0,"6120",1,
"65221",0,"6120",1,
"65222",0,"6120",1,
"65229",0,"6120",1,
"65230",0,"6120",1,
"65240",0,"6120",1,
"66110",0,"6210",1,
"66120",0,"6220",1,
"66210",1,"6210",1,"Transport via non-scheduled flights"
"66210",1,"6220",1,"Transport via scheduled flights"
"66290",1,"6210",1,"Transport via scheduled flights"
"66290",1,"6220",1,"Transport via non-scheduled flights"
"66300",0,"6220",1,
"66400",1,"6210",1,"Rental for scheduled flights"
"66400",1,"6220",1,"Rental for non-scheduled flights"
"67110",0,"6301",1,
"67190",0,"6301",1,
"67210",0,"6302",1,
"67220",0,"6302",1,
"67290",0,"6302",1,
"67300",0,"6303",1,
"67400",0,"6303",1,
"67510",0,"6303",1,
"67520",0,"6303",1,
"67530",0,"6303",1,
"67590",0,"6303",1,
"67610",0,"6303",1,
"67620",0,"6303",1,
"67630",0,"6303",1,
"67690",0,"6303",1,
"67710",0,"6303",1,
"67720",0,"6303",1,
"67790",0,"6303",1,
"67811",0,"6304",1,
"67812",0,"6304",1,
"67813",0,"6304",1,
"67820",0,"6304",1,
"67910",0,"6309",1,
"67990",0,"6309",1,
"68111",0,"6411",1,
"68112",0,"6411",1,
"68113",0,"6411",1,
"68119",0,"6411",1,
"68120",0,"6412",1,
"69110",0,"4010",1,
"69120",0,"4020",1,
"69210",0,"4100",1,
"69220",0,"4030",1,
"71100",1,"6511",0,"central bank services"
"71100",1,"6519",0,"deposit services"
"71100",1,"6591",0,"financial leasing services"
"71100",1,"6592",0,"credit granting services"
"71200",0,"6599",1,
"71311",0,"6601",1,
"71312",0,"6602",0,
"71320",0,"6603",1,
"71331",0,"6603",1,
"71332",0,"6603",1,
"71333",0,"6603",1,
"71334",0,"6603",1,
"71335",0,"6603",1,
"71336",0,"6603",1,
"71339",0,"6603",1,
"71410",0,"6601",1,
"71420",0,"6603",1,
"71430",0,"6603",1,
"71511",0,"6599",1,
"71512",0,"6599",1,
"71519",0,"6599",1,
"71521",0,"6712",1,
"71522",0,"6712",1,
"71523",0,"6712",1,
"71531",0,"6712",1,
"71532",0,"6712",1,
"71533",0,"6712",1,
"71541",0,"6711",1,
"71542",0,"6711",1,
"71549",0,"6711",1,
"71551",0,"6719",1,
"71552",0,"6719",1,
"71553",0,"6719",1,
"71559",0,"6719",1,
"71610",0,"6720",1,
"71620",0,"6720",1,
"71630",0,"6720",1,
"71690",0,"6720",1,
"72111",0,"7010",1,
"72112",0,"7010",1,
"72121",0,"7010",1,
"72122",0,"7010",1,
"72130",0,"7010",1,
"72211",0,"7020",1,
"72212",0,"7020",1,
"72221",0,"7020",1,
"72222",0,"7020",1,
"72230",0,"7020",1,
"73111",0,"7111",1,
"73112",0,"7111",1,
"73113",0,"7111",1,
"73114",0,"7111",1,
"73115",0,"7112",0,
"73116",0,"7113",0,
"73117",0,"7111",1,
"73121",0,"7121",0,
"73122",0,"7122",0,
"73123",0,"7123",1,
"73124",0,"7123",1,
"73125",0,"7129",1,
"73129",0,"7129",1,
"73210",0,"7130",1,
"73220",0,"7130",1,
"73230",0,"7130",1,
"73240",0,"7130",1,
"73250",0,"7130",1,
"73260",0,"7130",1,
"73270",0,"7130",1,
"73290",0,"7130",1,
"73310",0,"6599",1,
"73320",0,"6599",1,
"73330",0,"6599",1,
"73340",0,"6599",1,
"73390",0,"6599",1,
"81110",0,"7310",1,
"81120",0,"7310",1,
"81130",0,"7310",1,
"81140",0,"7310",1,
"81150",0,"7310",1,
"81190",0,"7310",1,
"81210",0,"7320",1,
"81220",0,"7320",1,
"81230",0,"7320",1,
"81240",0,"7320",1,
"81290",0,"7320",1,
"81300",1,"7310",1,
"81300",1,"7320",1,
"82111",0,"7411",1,
"82119",0,"7411",1,
"82120",0,"7411",1,
"82130",0,"7411",1,
"82191",0,"7414",1,
"82199",0,"7411",1,
"82211",0,"7412",1,
"82212",0,"7412",1,
"82213",0,"7412",1,
"82219",0,"7412",1,
"82220",0,"7412",1,
"82310",0,"7412",1,
"82320",0,"7412",1,
"82330",0,"7412",1,
"82400",0,"7412",1,
"83111",0,"7414",1,
"83112",0,"7414",1,
"83113",0,"7414",1,
"83114",0,"7414",1,
"83115",0,"7414",1,
"83119",0,"7414",1,
"83121",0,"7414",1,
"83129",0,"7414",1,
"83131",0,"7421",1,
"83139",0,"7421",1,
"83141",0,"7210",0,
"83142",0,"7220",1,
"83149",0,"7220",1,
"83150",0,"7230",1,
"83160",0,"7220",1,
"83190",0,"7414",1,
"83211",0,"7421",1,
"83212",0,"7421",1,
"83219",0,"7421",1,
"83221",0,"7421",1,
"83222",0,"7421",1,
"83311",0,"7421",1,
"83312",0,"7421",1,
"83313",0,"7421",1,
"83319",0,"7421",1,
"83321",0,"7421",1,
"83322",0,"7421",1,
"83323",0,"7421",1,
"83329",0,"7421",1,
"83331",0,"7421",1,
"83332",0,"7421",1,
"83333",0,"7421",1,
"83339",0,"7421",1,
"83341",0,"7421",1,
"83342",0,"7421",1,
"83343",0,"7421",1,
"83349",0,"7421",1,
"83351",0,"7421",1,
"83352",0,"7421",1,
"83353",0,"7421",1,
"83359",0,"7421",1,
"83391",0,"7421",1,
"83392",0,"7421",1,
"83393",0,"7421",1,
"83399",0,"7421",1,
"83410",0,"7499",1,
"83490",0,"7499",1,
"83510",0,"7421",1,
"83520",0,"7421",1,
"83530",0,"7421",1,
"83540",0,"7421",1,
"83550",0,"7421",1,
"83561",0,"7422",1,
"83562",0,"7422",1,
"83563",0,"7422",1,
"83564",0,"7422",1,
"83569",0,"7422",1,
"83610",0,"7430",1,
"83620",0,"7430",1,
"83690",0,"7430",1,
"83700",0,"7413",0,
"83811",0,"7494",1,
"83812",0,"7494",1,
"83813",0,"7494",1,
"83814",0,"7494",1,
"83815",0,"7494",1,
"83819",0,"7494",1,
"83820",0,"7494",1,
"83910",0,"7499",1,
"83990",0,"7499",1,
"84110",0,"6420",1,
"84120",0,"6420",1,
"84130",0,"6420",1,
"84200",0,"6420",1,
"84300",0,"7240",0,
"84410",0,"9220",1,
"84420",0,"9220",1,
"84510",0,"9231",1,
"84520",0,"9231",1,
"85111",0,"7491",1,
"85112",0,"7491",1,
"85121",0,"7491",1,
"85122",0,"7491",1,
"85123",0,"7491",1,
"85124",0,"7491",1,
"85129",0,"7491",1,
"85210",0,"7492",1,
"85220",0,"7492",1,
"85230",0,"7492",1,
"85240",0,"7492",1,
"85250",0,"7492",1,
"85290",0,"7492",1,
"85310",0,"7493",1,
"85320",0,"7493",1,
"85330",0,"7493",1,
"85340",0,"7493",1,
"85400",0,"7495",0,
"85910",0,"7499",1,
"85920",0,"7499",1,
"85930",0,"7499",1,
"85940",0,"7499",1,
"85950",0,"7499",1,
"85960",0,"7230",1,
"85970",0,"7499",1,
"85990",0,"7499",1,
"86111",0,"0140",1,
"86112",0,"0140",1,
"86121",0,"0140",1,
"86129",0,"0140",1,
"86130",0,"0150",0,
"86140",0,"0200",1,
"86150",0,"0500",1,
"86210",1,"1010",1,
"86210",1,"1020",1,
"86210",1,"1030",1,
"86210",1,"1110",1,
"86210",1,"1120",0,
"86210",1,"1200",1,
"86210",1,"1310",1,
"86210",1,"1320",1,
"86210",1,"1410",1,
"86210",1,"1421",1,
"86210",1,"1422",1,
"86210",1,"1429",1,
"86221",0,"4010",1,
"86222",0,"4020",1,
"86223",0,"4100",1,
"86224",0,"4030",1,
"86311",1,"1511",1,
"86311",1,"1512",1,
"86311",1,"1513",1,
"86311",1,"1514",1,
"86311",1,"1520",1,
"86311",1,"1531",1,
"86311",1,"1532",1,
"86311",1,"1533",1,
"86311",1,"1541",1,
"86311",1,"1542",1,
"86311",1,"1543",1,
"86311",1,"1544",1,
"86311",1,"1549",1,
"86311",1,"1551",1,
"86311",1,"1552",1,
"86311",1,"1553",1,
"86311",1,"1554",1,
"86312",0,"1600",1,
"86321",1,"1711",1,
"86321",1,"1712",0,
"86321",1,"1721",1,
"86321",1,"1722",1,
"86321",1,"1723",1,
"86321",1,"1729",1,
"86321",1,"1730",1,
"86322",1,"1810",1,
"86322",1,"1820",1,
"86323",1,"1911",1,
"86323",1,"1912",1,
"86323",1,"1920",1,
"86330",1,"2010",1,
"86330",1,"2021",1,
"86330",1,"2022",1,
"86330",1,"2023",1,
"86330",1,"2029",1,
"86340",1,"2101",1,
"86340",1,"2102",1,
"86340",1,"2109",1,
"86350",1,"2310",1,
"86350",1,"2320",1,
"86350",1,"2330",1,
"86360",1,"2411",1,
"86360",1,"2412",1,
"86360",1,"2413",1,
"86360",1,"2421",1,
"86360",1,"2422",1,
"86360",1,"2423",1,
"86360",1,"2424",1,
"86360",1,"2429",1,
"86360",1,"2430",1,
"86370",1,"2511",1,
"86370",1,"2519",1,
"86370",1,"2520",1,
"86380",1,"2610",1,
"86380",1,"2691",1,
"86380",1,"2692",1,
"86380",1,"2693",1,
"86380",1,"2694",1,
"86380",1,"2695",1,
"86380",1,"2696",1,
"86380",1,"2699",1,
"86390",1,"3610",1,
"86390",1,"3691",1,
"86390",1,"3692",1,
"86390",1,"3693",1,
"86390",1,"3694",1,
"86390",1,"3699",1,
"86411",1,"2731",0,"casting of iron and steel"
"86411",1,"2732",0,"casting of non-ferrous metals"
"86419",1,"2710",1,"manufacture of basic iron and steel"
"86419",1,"2720",1,"manufacture of basic non-ferrous metals"
"86421",0,"2891",0,
"86422",0,"2892",1,
"86423",0,"2892",1,
"86429",1,"2811",1,
"86429",1,"2812",1,
"86429",1,"2813",1,
"86429",1,"2893",1,
"86429",1,"2899",1,
"86431",1,"3410",1,
"86431",1,"3420",1,
"86431",1,"3430",1,
"86439",1,"3511",1,
"86439",1,"3512",1,
"86439",1,"3520",1,
"86439",1,"3530",1,
"86439",1,"3591",1,
"86439",1,"3592",1,
"86439",1,"3599",1,
"86441",0,"3000",1,
"86442",1,"3110",1,
"86442",1,"3120",1,
"86442",1,"3130",1,
"86442",1,"3140",1,
"86442",1,"3150",1,
"86442",1,"3190",1,
"86443",1,"3210",1,
"86443",1,"3220",1,
"86443",1,"3230",1,
"86444",1,"3311",1,
"86444",1,"3312",1,
"86444",1,"3313",1,
"86444",1,"3320",1,
"86444",1,"3330",1,
"86449",1,"2911",1,
"86449",1,"2912",1,
"86449",1,"2913",1,
"86449",1,"2914",1,
"86449",1,"2915",1,
"86449",1,"2919",1,
"86449",1,"2921",1,
"86449",1,"2922",1,
"86449",1,"2923",1,
"86449",1,"2924",1,
"86449",1,"2925",1,
"86449",1,"2926",1,
"86449",1,"2927",1,
"86449",1,"2929",1,
"86449",1,"2930",1,
"86520",1,"2811",1,
"86520",1,"2812",1,
"86520",1,"2813",1,
"86520",1,"2893",1,
"86520",1,"2899",1,
"86530",1,"2911",1,
"86530",1,"2912",1,
"86530",1,"2913",1,
"86530",1,"2914",1,
"86530",1,"2915",1,
"86530",1,"2919",1,
"86530",1,"2921",1,
"86530",1,"2922",1,
"86530",1,"2923",1,
"86530",1,"2924",1,
"86530",1,"2925",1,
"86530",1,"2926",1,
"86530",1,"2927",1,
"86530",1,"2929",1,
"86530",1,"2930",1,
"86540",0,"3000",1,
"86550",1,"3110",1,
"86550",1,"3120",1,
"86550",1,"3130",1,
"86550",1,"3140",1,
"86550",1,"3150",1,
"86550",1,"3190",1,
"86560",1,"3220",1,
"86560",1,"3230",1,
"86570",1,"3311",1,
"86570",1,"3312",1,
"86570",1,"3313",1,
"86570",1,"3320",1,
"86570",1,"3330",1,
"86590",1,"3610",1,
"86590",1,"3692",1,
"86590",1,"3693",1,
"86590",1,"3694",1,
"86590",1,"3699",1,
"86910",1,"2211",1,
"86910",1,"2212",1,
"86910",1,"2213",1,
"86910",1,"2219",1,
"86921",1,"2221",1,
"86921",1,"2222",1,
"86922",0,"2230",1,
"86931",0,"3710",0,
"86932",0,"3720",0,
"87110",1,"2811",1,
"87110",1,"2812",1,
"87110",1,"2813",1,
"87110",1,"2893",1,
"87110",1,"2899",1,
"87120",0,"3000",1,
"87130",0,"7250",0,
"87141",0,"5020",0,
"87142",0,"5040",1,
"87143",1,"3410",1,
"87143",1,"3420",1,
"87149",1,"3511",1,
"87149",1,"3512",1,
"87149",1,"3520",1,
"87149",1,"3530",1,
"87149",1,"3592",1,
"87149",1,"3599",1,
"87151",0,"5260",1,
"87152",1,"3110",1,
"87152",1,"3120",1,
"87152",1,"3130",1,
"87152",1,"3140",1,
"87152",1,"3150",1,
"87152",1,"3190",1,
"87153",1,"3220",1,
"87153",1,"3230",1,
"87154",1,"3311",1,
"87154",1,"3312",1,
"87154",1,"3313",1,
"87154",1,"3320",1,
"87159",1,"2911",1,
"87159",1,"2912",1,
"87159",1,"2913",1,
"87159",1,"2914",1,
"87159",1,"2915",1,
"87159",1,"2919",1,
"87159",1,"2921",1,
"87159",1,"2922",1,
"87159",1,"2923",1,
"87159",1,"2924",1,
"87159",1,"2925",1,
"87159",1,"2926",1,
"87159",1,"2927",1,
"87159",1,"2929",1,
"87159",1,"5260",1,"repair and maintenance of lawnmowers"
"87210",0,"5260",1,
"87220",0,"5260",1,
"87230",0,"5260",1,
"87240",0,"5260",1,
"87290",0,"5260",1,
"91111",0,"7511",1,
"91112",0,"7511",1,
"91113",0,"7511",1,
"91114",0,"7511",1,
"91119",0,"7511",1,
"91121",0,"7512",1,
"91122",0,"7512",1,
"91123",0,"7512",1,
"91124",0,"7512",1,
"91131",0,"7513",1,
"91132",0,"7513",1,
"91133",0,"7513",1,
"91134",0,"7513",1,
"91135",0,"7513",1,
"91136",0,"7513",1,
"91137",0,"7513",1,
"91138",0,"7513",1,
"91141",0,"7514",1,
"91149",0,"7514",1,
"91210",0,"7521",1,
"91220",0,"7521",1,
"91230",0,"7521",1,
"91240",0,"7522",1,
"91250",0,"7522",1,
"91260",0,"7523",1,
"91270",0,"7523",1,
"91280",0,"7523",1,
"91290",0,"7523",1,
"91310",0,"7530",1,
"91320",0,"7530",1,
"91330",0,"7530",1,
"91340",0,"7530",1,
"92110",0,"8010",1,
"92190",0,"8010",1,
"92210",0,"8021",1,
"92220",0,"8021",1,
"92230",0,"8022",0,
"92310",0,"8030",1,
"92390",0,"8030",1,
"92900",0,"8090",0,
"93110",0,"8511",0,
"93121",0,"8512",1,
"93122",0,"8512",1,
"93123",0,"8512",1,
"93191",0,"8519",1,
"93192",0,"8519",1,
"93193",0,"8519",1,
"93199",0,"8519",1,
"93210",0,"8520",1,
"93220",0,"8520",1,
"93290",0,"8520",1,
"93311",0,"8531",1,
"93319",0,"8531",1,
"93321",0,"8532",1,
"93322",0,"8532",1,
"93323",0,"8532",1,
"93324",0,"8532",1,
"93329",0,"8532",1,
"94110",0,"9000",1,
"94120",0,"9000",1,
"94211",0,"9000",1,
"94212",0,"9000",1,
"94221",0,"9000",1,
"94222",0,"9000",1,
"94310",0,"9000",1,
"94390",0,"9000",1,
"94900",0,"9000",1,
"95110",0,"9111",0,
"95120",0,"9112",0,
"95200",0,"9120",0,
"95910",0,"9191",0,
"95920",0,"9192",0,
"95991",0,"9199",1,
"95992",0,"9199",1,
"95993",0,"9199",1,
"95999",0,"9199",1,
"96111",0,"9249",1,
"96112",0,"9249",1,
"96121",1,"9211",1,"motion picture and video production"
"96121",1,"9213",1,"radio and television production"
"96122",1,"9211",1,"production of recorded radio programmes"
"96122",1,"9213",1,"production of live radio programmes"
"96130",0,"9211",1,
"96141",0,"9211",1,
"96142",0,"9211",1,
"96149",0,"9211",1,
"96151",0,"9212",1,
"96152",0,"9212",1,
"96160",0,"9213",1,
"96210",0,"9214",1,
"96220",0,"9214",1,
"96230",0,"9214",1,
"96290",0,"9214",1,
"96310",0,"9214",1,
"96320",0,"9214",1,
"96411",0,"9232",1,
"96412",0,"9232",1,
"96421",0,"9233",1,
"96422",0,"9233",1,
"96510",0,"9241",1,
"96520",0,"9241",1,
"96590",0,"9241",1,
"96610",0,"9241",1,
"96620",1,"9241",1,
"96620",1,"9249",1,
"96910",0,"9219",1,
"96920",0,"9249",1,
"96930",0,"9249",1,
"96990",1,"9219",1,"other entertainment activities"
"96990",1,"9249",1,"other recreation activities"
"97110",0,"9301",1,
"97120",0,"9301",1,
"97130",0,"9301",1,
"97140",0,"9301",1,
"97150",0,"9301",1,
"97210",0,"9302",1,
"97220",0,"9302",1,
"97230",0,"9309",1,
"97290",0,"9302",1,
"97310",0,"9303",1,
"97320",0,"9303",1,
"97910",0,"9309",1,
"97990",0,"9309",1,
"98000",0,"9500",0,
"99000",0,"9900",0,
